;Gastropod larvae;Gastropod larvae;Limacina retroversa;Limacina retroversa
Date;Abundance (no/m3);Biomass (ug C/m3);Abundance (no/m3);Biomass (ug C/m3)
14/03/1988;5,44;2,480180429;20,42;9,309794918
21/03/1988;8,17;3,724829798;21,79;9,934399181
28/03/1988;4,26;1,942200115;34,04;15,5193643
08/04/1988;0;0;17,02;7,75968215
11/04/1988;17,02;7,75968215;12,77;5,82204119
18/04/1988;0;0;0;0
25/04/1988;0;0;0;0
04/05/1988;0;0;0;0
09/05/1988;0;0;0;0
16/05/1988;0;0;8,51;3,879841075
23/05/1988;0;0;0;0
01/06/1988;17,73;7,857047469;8,87;3,930739484
06/06/1988;7,88;3,492021097;39,4;17,46010549
13/06/1988;17,02;7,54241105;42,55;18,85602763
20/06/1988;0;0;0;0
27/06/1988;8,19;3,629397562;73,65;32,63798906
04/07/1988;0;0;68,09;30,1740757
11/07/1988;8,51;3,771205525;25,53;11,31361658
18/07/1988;8,19;3,629397562;24,55;10,87932969
26/07/1988;8,51;3,771205525;85,11;37,71648675
02/08/1988;90,02;39,89235269;81,84;36,26738662
08/08/1988;20,46;9,066846656;16,37;7,254363625
19/08/1988;0;0;32,12;14,23397432
22/08/1988;15,76;6,984042195;47,28;20,95212658
30/08/1988;31,52;13,96808439;55,16;24,44414768
05/09/1988;24,55;15,78174368;40,92;26,30504894
13/09/1988;16,37;10,52330526;24,55;15,78174368
20/09/1988;17,02;10,94115183;51,07;32,82988391
29/09/1988;25,53;16,41172775;25,53;16,41172775
03/10/1988;7,88;5,06558616;7,88;5,06558616
10/10/1988;0;0;0;0
18/10/1988;3,78;2,429938538;78,17;50,25087184
24/10/1988;1,36;0,874263601;9,53;6,126273617
31/10/1988;0;0;52,37;33,66557705
07/11/1988;0;0;12,26;7,881229228
14/11/1988;0;0;9,53;6,126273617
21/11/1988;0;0;0;0
28/11/1988;0;0;0;0
05/12/1988;0;0;17,37;5,271582469
12/12/1988;0;0;8,51;2,582680876
19/12/1988;0;0;8,51;2,582680876
05/01/1989;0;0;0;0
09/01/1989;0;0;8,51;2,582680876
16/01/1989;0;0;0;0
23/01/1989;0;0;0;0
30/01/1989;0;0;6,81;2,066751676
06/02/1989;0;0;3,55;1,077381564
13/02/1989;0;0;0;0
20/02/1989;0;0;0;0
27/02/1989;0;0;3,4;1,031858399
06/03/1989;6,81;3,104784691;6,13;2,794762138
13/03/1989;10,89;4,964920013;16,34;7,449659597
20/03/1989;0;0;25,87;11,7945345
28/03/1989;9,53;4,344874906;39,49;18,00410388
03/04/1989;3,24;1,477166285;25,93;11,82188943
10/04/1989;0;0;25,7;11,71702886
17/04/1989;6,55;2,986246656;16,37;7,463337062
24/04/1989;19,64;8,954180813;0;0
02/05/1989;3,55;1,618500096;0;0
08/05/1989;8,18;3,729388954;0;0
17/05/1989;3,4;1,550112768;0;0
22/05/1989;0;0;3,48;1,58658601
31/05/1989;3,41;1,554671923;3,41;1,554671923
05/06/1989;9,64;4,271964896;9,64;4,271964896
12/06/1989;0;0;3,28;1,453531624
22/06/1989;20,08;8,8984497;36,14;16,01543686
26/06/1989;0;0;65,47;29,013023
03/07/1989;24,09;10,67548074;0;0
14/07/1989;32,12;14,23397432;16,06;7,11698716
24/07/1989;49,8;22,06886429;28,11;12,45694328
31/07/1989;49,1;21,75865938;32,73;14,50429575
07/08/1989;19,28;8,543929791;22,49;9,966440924
14/08/1989;24,55;10,87932969;114,57;50,77168237
21/08/1989;8,03;3,55849358;28,11;12,45694328
29/08/1989;8,03;3,55849358;16,06;7,11698716
04/09/1989;12,61;8,106223537;3,15;2,024948782
11/09/1989;6,42;4,12703847;12,85;8,260505349
25/09/1989;39,27;25,24436148;29,45;18,93166401
02/10/1989;51,49;33,09987708;22,49;14,45749146
09/10/1989;13,09;8,414787161;19,64;12,62539495
16/10/1989;6,3;4,049897564;6,3;4,049897564
01/11/1989;6,68;4,2941771;3,34;2,14708855
06/11/1989;1,61;1,034973822;0;0
13/11/1989;3,34;2,14708855;1,67;1,073544275
27/11/1989;0;0;0;0
04/12/1989;0;0;0;0
19/12/1989;0;0;3,21;0,974195724
15/01/1990;0;0;0;0
13/02/1990;0;0;0,08;0,024279021
22/02/1990;2,25;0,68284747;0;0
01/03/1990;1,26;0,574453555;0;0
07/03/1990;5,33;2,430029722;0;0
14/03/1990;6,9;3,145817088;6,9;3,145817088
21/03/1990;0;0;2,3;1,048605696
28/03/1990;4,6;2,097211392;2,3;1,048605696
04/04/1990;2,3;1,048605696;2,3;1,048605696
11/04/1990;0;0;0;0
18/04/1990;1,12;0,510625382;0;0
25/04/1990;0;0;0;0
02/05/1990;1,14;0,519743693;0;0
09/05/1990;1,55;0,706669056;0;0
16/05/1990;0;0;0;0
30/05/1990;0;0;0;0
04/06/1990;0;0;0;0
11/06/1990;3,94;1,746010549;0;0
18/06/1990;4,02;1,781462539;0;0
16/07/1990;76,3;33,81233626;8,03;3,55849358
30/07/1990;367,27;162,7556584;225,37;99,87268968
06/08/1990;181,52;80,44056721;16,87;7,475938567
20/08/1990;27,23;12,06697138;10,21;4,52456033
29/08/1990;92,31;40,90716592;13,68;6,062290433
03/09/1990;430,72;276,8844252;5,01;3,220632825
10/09/1990;139,32;89,56059185;9,28;5,965563396
17/09/1990;952,53;612,3252265;495,9;318,784794
24/09/1990;122,55;78,78015024;15,32;9,848322331
01/10/1990;36,72;23,60511723;23,37;15,02319144
08/10/1990;22,49;14,45749146;14,46;9,295479171
18/10/1990;25,91;16,65600728;9,54;6,132702026
24/10/1990;22,06;14,18106988;22,06;14,18106988
29/10/1990;4,73;3,040637378;6,3;4,049897564
05/11/1990;3,15;2,024948782;15,76;10,13117232
12/11/1990;6,3;4,049897564;3,15;2,024948782
19/11/1990;0;0;3,34;2,14708855
26/11/1990;0;0;3,4;2,185659003
03/12/1990;0;0;0;0
12/12/1990;0;0;0;0
19/12/1990;0;0;0;0
14/01/1991;0;0;0;0
21/01/1991;1,58;0,479510668;0;0
28/01/1991;1,7;0,5159292;0;0
04/02/1991;1,09;0,330801663;0;0
11/02/1991;1,64;0,497719934;0;0
18/02/1991;6,42;1,948391448;1,61;0,488615301
25/02/1991;6,3;1,911972916;6,3;1,911972916
05/03/1991;1,61;0,734023987;0;0
11/03/1991;3,15;1,436133888;3,15;1,436133888
25/03/1991;3,15;1,436133888;15,76;7,185228595
08/04/1991;19,35;8,821965312;15,47;7,053013094
15/04/1991;6,43;2,931536794;6,43;2,931536794
22/04/1991;6,43;2,931536794;0;0
29/04/1991;6,43;2,931536794;12,85;5,858514432
07/05/1991;3,1;1,413338112;0;0
13/05/1991;0;0;3,28;1,495402906
21/05/1991;0;0;0;0
29/05/1991;8,19;3,733948109;0;0
03/06/1991;0;0;0;0
10/06/1991;0;0;0;0
17/06/1991;7,74;3,429980113;0;0
24/06/1991;0;0;4,09;1,812483031
01/07/1991;0;0;6,55;2,90263175
08/07/1991;26,19;11,6060955;6,55;2,90263175
15/07/1991;3,87;1,714990057;50,27;22,27714474
05/08/1991;474,41;210,2347372;10,44;4,626484804
12/08/1991;471,3;208,856541;3,21;1,422511132
19/08/1991;531,92;235,7202871;0;0
02/09/1991;3435,78;2208,65985;126,09;81,05580696
09/09/1991;691,49;444,5180423;98,79;63,50625085
17/09/1991;899,6;578,2996585;144,58;92,94193489
27/09/1991;16,37;10,52330526;8,19;5,264866833
30/09/1991;171,85;110,4722058;8,19;5,264866833
02/10/1991;24,55;15,78174368;0;0
08/10/1991;8,19;5,264866833;0;0
17/10/1991;0;0;4,02;2,58422035
22/10/1991;16,69;10,72901434;8,35;5,367721375
04/11/1991;17,02;10,94115183;8,51;5,470575916
11/11/1991;12,61;8,106223537;9,46;6,081274755
18/11/1991;1,64;1,054259048;1,64;1,054259048
26/11/1991;3,09;1,986378329;6,19;3,979185067
02/12/1991;4,82;1,462811025;8,03;2,437006749
09/12/1991;0;0;3,62;1,098625707
16/12/1991;3,09;0,937777192;0;0
13/01/1992;0;0;7,74;2,348995297
20/01/1992;0;0;4,18;1,268578856
27/01/1992;0;0;9,12;2,767808412
03/02/1992;0;0;0;0
10/02/1992;6,08;1,845205608;6,08;1,845205608
17/02/1992;18;5,462779761;9,82;2,980249847
24/02/1992;22,49;6,825439823;3,21;0,974195724
05/03/1992;9,64;4,395025613;0;0
09/03/1992;19,27;8,78549207;6,42;2,926977638
16/03/1992;3,34;1,522757837;143,57;65,45579121
25/03/1992;16,06;7,322003251;0;0
30/03/1992;9,64;4,395025613;6,43;2,931536794
08/04/1992;0;0;3,94;1,796307149
21/04/1992;0;0;7,88;3,592614298
28/04/1992;0;0;0;0
05/05/1992;0;0;0;0
11/05/1992;0;0;6,3;2,872267776
18/05/1992;0;0;6,07;2,767407206
27/05/1992;0;0;0;0
01/06/1992;3,27;1,449100125;9,82;4,351731875
08/06/1992;3,21;1,422511132;6,43;2,849453763
15/06/1992;0;0;3,27;1,449100125
22/06/1992;0;0;19,34;8,570518784
29/06/1992;0;0;57,29;25,38805694
06/07/1992;11,82;5,238031646;15,76;6,984042195
15/07/1992;4,53;2,007468981;27,17;12,04038239
20/07/1992;0;0;17,34;7,684219014
27/07/1992;20,86;9,24410661;25,04;11,09647313
03/08/1992;20,46;9,066846656;98,2;43,51731875
10/08/1992;4,09;1,812483031;27,01;11,96947841
17/08/1992;39,4;17,46010549;47,28;20,95212658
24/08/1992;6,81;3,01785072;17,02;7,54241105
01/09/1992;21,73;13,96893239;76,06;48,89447758
07/09/1992;23,83;15,31889825;47,66;30,63779649
14/09/1992;16,37;10,52330526;26,19;16,83600273
21/09/1992;20,43;13,13323924;13,62;8,755492829
30/09/1992;35,46;22,79513772;55,16;35,45910312
05/10/1992;38,3;24,62080583;80,84;51,967257
12/10/1992;56,74;36,47479171;28,37;18,23739586
26/10/1992;9,82;6,312697473;16,37;10,52330526
03/11/1992;0;0;31,53;20,26877305
10/11/1992;3,27;2,102089688;24,55;15,78174368
16/11/1992;3,21;2,063519235;24,09;15,48603688
04/12/1992;0;0;11,35;3,444586127
08/12/1992;5,1;1,547787599;0;0
14/12/1992;1,64;0,497719934;0;0
21/12/1992;3,62;1,098625707;0;0
04/01/1993;7,24;2,197251415;1,81;0,549312854
18/01/1993;0;0;0;0
25/01/1993;3,15;0,955986458;3,15;0,955986458
01/02/1993;17,02;5,165361751;3,4;1,031858399
08/02/1993;3,15;0,955986458;1,57;0,47647579
15/02/1993;1,64;0,497719934;0;0
22/02/1993;9,45;2,867959374;9,46;2,870994252
01/03/1993;3,04;1,385983181;4,55;2,074415616
08/03/1993;1,61;0,734023987;19,27;8,78549207
15/03/1993;0;0;4,64;2,115448013
23/03/1993;3,21;1,463488819;12,85;5,858514432
29/03/1993;0;0;6,19;2,822117069
13/04/1993;0;0;23,64;10,77784289
19/04/1993;0;0;12,85;5,858514432
26/04/1993;0;0;6,81;3,104784691
04/05/1993;0;0;49,1;22,38545203
10/05/1993;3,15;1,436133888;12,61;5,749094707
18/05/1993;0;0;12,6;5,744535552
24/05/1993;3,15;1,436133888;15,76;7,185228595
02/06/1993;0;0;30,41;13,47618802
08/06/1993;0;0;35,46;15,71409494
14/06/1993;0;0;12,27;5,437449094
21/06/1993;0;0;42,55;18,85602763
28/06/1993;25,04;11,09647313;33,38;14,79234318
05/07/1993;3,34;1,480120617;16,69;7,396171588
12/07/1993;1,67;0,740060309;6,67;2,955809736
19/07/1993;6,67;2,955809736;20,03;8,876292205
26/07/1993;6,67;2,955809736;10,01;4,435930353
02/08/1993;0;0;6,68;2,960241235
12/08/1993;6,38;2,827296269;1,36;0,602683844
19/08/1993;6,81;3,01785072;0;0
23/08/1993;16,36;7,249932126;73,65;32,63798906
31/08/1993;5,45;2,415166876;10,9;4,830333751
06/09/1993;0;0;0;0
14/09/1993;0;0;0;0
21/09/1993;0,35;0,224994309;0;0
27/09/1993;0;0;0;0
07/10/1993;3,4;2,185659003;18,72;12,03398133
11/10/1993;0;0;23,37;15,02319144
19/10/1993;0;0;3,27;2,102089688
25/10/1993;0;0;8,69;5,586287275
01/11/1993;0;0;8,03;5,162012292
08/11/1993;1,61;1,034973822;9,64;6,196986114
15/11/1993;0;0;6,42;4,12703847
23/11/1993;3,27;2,102089688;11,45;7,360528113
30/11/1993;0;0;0;0
06/12/1993;0;0;0;0
14/12/1993;0;0;0;0
04/01/1994;0;0;0;0
17/01/1994;0;0;0,31;0,094081207
31/01/1994;0;0;0,15;0,045523165
07/02/1994;0;0;0,08;0,024279021
15/02/1994;0;0;0,32;0,097116085
23/02/1994;0;0;0;0
28/02/1994;0;0;10,84;3,289807367
11/03/1994;0;0;44,25;20,17426176
14/03/1994;3,15;1,436133888;12,61;5,749094707
21/03/1994;7,74;3,528786125;24,76;11,28846828
29/03/1994;0;0;3,27;1,49084375
06/04/1994;0;0;3,21;1,463488819
11/04/1994;6,3;2,872267776;1,58;0,720346522
18/04/1994;3,27;1,49084375;0;0
26/04/1994;1,61;0,734023987;4,82;2,197512806
04/05/1994;0,8;0,364732416;0;0
10/05/1994;3,15;1,436133888;0;0
16/05/1994;0;0;3,04;1,385983181
23/05/1994;0;0;1,61;0,734023987
01/06/1994;0;0;6,96;3,084323203
06/06/1994;0;0;14,45;6,403515845
13/06/1994;0;0;10,06;4,458087848
20/06/1994;0;0;20,46;9,066846656
27/06/1994;4,02;1,781462539;32,13;14,23840582
04/07/1994;84,32;37,36639834;18,91;8,379964334
14/07/1994;15,47;6,855528728;3,1;1,373764645
19/07/1994;29,46;13,05519563;9,82;4,351731875
25/07/1994;77,1;34,16685617;54,62;24,20484674
01/08/1994;33,39;14,79677467;16,69;7,396171588
08/08/1994;178,61;79,15100104;58,15;25,76916584
15/08/1994;51,4;22,77790411;3,21;1,422511132
22/08/1994;75,13;33,29385089;50,08;22,19294626
30/08/1994;0;0;62,19;27,55949138
05/09/1994;18,36;11,80255862;34,22;21,99801502
12/09/1994;0;0;47,28;30,39351696
19/09/1994;26,19;16,83600273;9,82;6,312697473
26/09/1994;0;0;9,46;6,081274755
03/10/1994;4,34;2,789929433;26,06;16,75243342
10/10/1994;46,81;30,09138174;29,79;19,15022991
24/10/1994;16,05;10,31759618;24,08;15,47960847
07/11/1994;0;0;8,96;5,759854313
15/11/1994;0;0;0;0
21/11/1994;0;0;0;0
28/11/1994;0;0;0;0
06/12/1994;0;0;0;0
12/12/1994;0;0;3,21;0,974195724
19/12/1994;3,1;0,94081207;0;0
09/01/1995;0;0;1,52;0,461301402
18/01/1995;0;0;0;0
24/01/1995;0;0;0;0
30/01/1995;0;0;0;0
06/02/1995;0;0;0;0
14/02/1995;1,64;0,497719934;9,81;2,97721497
27/02/1995;3,27;0,99240499;1,64;0,497719934
06/03/1995;0;0;0;0
13/03/1995;3,94;1,796307149;7,88;3,592614298
21/03/1995;0;0;49,39;22,51766753
29/03/1995;0;0;80,32;36,61913457
03/04/1995;0;0;22,4;10,21250765
10/04/1995;23,64;10,77784289;7,88;3,592614298
18/04/1995;0;0;7,74;3,528786125
24/04/1995;0;0;0;0
02/05/1995;0;0;0;0
09/05/1995;0;0;0;0
15/05/1995;0;0;0;0
22/05/1995;0;0;7,74;3,528786125
31/05/1995;0;0;0;0
05/06/1995;0;0;56,2;24,90502356
12/06/1995;8,19;3,629397562;8,19;3,629397562
19/06/1995;7,6;3,367939129;15,2;6,735878259
26/06/1995;8,03;3,55849358;16,06;7,11698716
03/07/1995;0;0;7,88;3,492021097
07/07/1995;3,94;1,746010549;55,16;24,44414768
17/07/1995;0;0;35,46;15,71409494
24/07/1995;4,02;1,781462539;32,12;14,23397432
31/07/1995;3,8;1,683969565;26,6;11,78778695
07/08/1995;58,92;26,11039125;137,48;60,92424625
14/08/1995;63,83;28,28625719;42,56;18,86045912
21/08/1995;38,54;17,07899658;19,27;8,539498292
29/08/1995;20,52;9,093435649;53,95;23,90793632
04/09/1995;7,23;4,647739586;16,86;10,83829729
11/09/1995;0;0;88,32;56,7757068
18/09/1995;25,04;16,09673572;66,75;42,90962895
27/09/1995;8,35;5,367721375;50,07;32,18704302
02/10/1995;7,88;5,06558616;0;0
09/10/1995;15,47;9,944748463;77,37;49,73659913
16/10/1995;0;0;80,29;51,61369451
23/10/1995;0;0;85,11;54,71218757
30/10/1995;32,73;21,04018211;32,74;21,04661052
06/11/1995;16,69;10,72901434;83,44;53,63864329
13/11/1995;0;0;47,28;30,39351696
22/11/1995;0;0;0;0
04/12/1995;17,73;5,380838064;8,87;2,691936471
11/12/1995;25,53;7,748042627;34,04;10,3307235
18/12/1995;0;0;15,47;4,694955717
02/01/1996;3,21;0,974195724;12,85;3,899817774
10/01/1996;0;0;2,99;0,907428416
15/01/1996;3,21;0,974195724;0;0
30/01/1996;0;0;0;0
06/02/1996;3,1;0,94081207;24,76;7,514357049
13/02/1996;9,52;2,889203518;15,2;4,61301402
19/02/1996;16,06;4,874013498;32,12;9,748026995
26/02/1996;46,42;14,08790203;27,08;8,218448662
05/03/1996;0;0;35,46;16,16676434
11/03/1996;0;0;278,34;126,8995258
19/03/1996;8,34;3,802335437;125,18;57,07150479
25/03/1996;0;0;0;0
01/04/1996;0;0;15,47;7,053013094
11/04/1996;15,2;6,929915904;30,4;13,85983181
16/04/1996;7,88;3,592614298;39,4;17,96307149
22/04/1996;15,2;6,929915904;36,69;16,72754043
29/04/1996;0;0;98,34;44,83473224
07/05/1996;0;0;91,19;41,57493627
13/05/1996;0;0;0;0
20/05/1996;16,37;7,463337062;0;0
29/05/1996;0;0;16,06;7,322003251
04/06/1996;30,4;13,47175652;0;0
10/06/1996;0;0;47,28;20,95212658
17/06/1996;23,21;10,28550884;46,43;20,57544918
24/06/1996;6,19;2,743097791;37,17;16,47188124
02/07/1996;70,66;31,31297091;77,08;34,15799317
08/07/1996;140,54;62,2802849;140,5;62,2625589
15/07/1996;40,14;17,7880364;100,36;44,4745225
22/07/1996;56,99;25,25511197;101,33;44,90437789
29/07/1996;73,01;32,35437314;0;0
07/08/1996;0;0;9,85;4,365026372
12/08/1996;6,69;2,964672734;6,69;2,964672734
20/08/1996;11,6;5,140538671;11,6;5,140538671
27/08/1996;12,28;5,441880593;8,18;3,624966063
02/09/1996;37,86;24,33795584;7,6;4,885590712
09/09/1996;16,06;10,32402458;8,03;5,162012292
23/09/1996;25,02;16,0838789;16,68;10,72258593
30/09/1996;7,73;4,969160027;0;0
07/10/1996;3,21;2,063519235;3,61;2,320655588
14/10/1996;9,12;5,862708855;9,12;5,862708855
21/10/1996;40,91;26,29862053;16,37;10,52330526
30/10/1996;24,08;15,47960847;8,02;5,155583883
04/11/1996;0;0;0;0
11/11/1996;16,37;10,52330526;8,18;5,258438425
18/11/1996;0;0;0;0
25/11/1996;4,02;2,58422035;12,02;7,726947416
02/12/1996;0;0;0;0
09/12/1996;0;0;4,09;1,241264957
16/12/1996;0;0;0;0
06/01/1997;0;0;3,94;1,195741792
13/01/1997;0;0;0;0
20/01/1997;0;0;1,58;0,479510668
27/01/1997;0;0;1,52;0,461301402
03/02/1997;0;0;0;0
11/02/1997;0;0;0;0
17/02/1997;1,58;0,479510668;3,15;0,955986458
27/02/1997;3,04;0,922602804;1,52;0,461301402
03/03/1997;1,52;0,69299159;1,52;0,69299159
10/03/1997;9,28;4,230896026;4,64;2,115448013
17/03/1997;58,71;26,76680018;52,53;23,94924227
24/03/1997;22,06;10,05749637;15,76;7,185228595
01/04/1997;6,19;2,822117069;6,19;2,822117069
07/04/1997;6,19;2,822117069;9,27;4,22633687
14/04/1997;0;0;3,8;1,732478976
21/04/1997;8,19;3,733948109;16,37;7,463337062
28/04/1997;0;0;0;0
06/05/1997;0;0;0;0
12/05/1997;0;0;0;0
19/05/1997;0;0;0;0
28/05/1997;0;0;0;0
03/06/1997;0;0;0;0
09/06/1997;19,7;8,730052743;0;0
16/06/1997;16,69;7,396171588;0;0
23/06/1997;26,6;11,78778695;0;0
30/06/1997;20,86;9,24410661;0;0
07/07/1997;38,68;17,14103757;0;0
14/07/1997;39,4;17,46010549;0;0
21/07/1997;60,39;26,76182158;0;0
28/07/1997;122,14;54,12632701;0;0
04/08/1997;55,16;24,44414768;0;0
11/08/1997;100,58;44,57201548;3,87;1,714990057
18/08/1997;28,64;12,69181272;0,9;0,398834897
26/08/1997;4,18;1,852366521;0;0
01/09/1997;39,4;25,3279308;0;0
08/09/1997;15,2;9,771181425;0;0
15/09/1997;4,26;2,738502162;0;0
22/09/1997;0;0;0;0
29/09/1997;0;0;0;0
06/10/1997;7,88;5,06558616;0;0
13/10/1997;0;0;0;0
10/11/1997;7,74;4,975588436;0;0
20/11/1997;5,5;3,535624858;0;0
25/11/1997;1,97;1,26639654;0;0
01/12/1997;0;0;0;0
10/12/1997;6,02;1,826996342;0;0
17/12/1997;13,06;3,963550204;0;0
12/01/1998;0;0;0;0
19/01/1998;2,56;0,776928677;0;0
26/01/1998;2,01;0,610010407;0;0
02/02/1998;7,6;2,30650701;0;0
09/02/1998;3,94;1,195741792;0;0
16/02/1998;0;0;0;0
23/02/1998;9,85;2,98935448;0,28;0,084976574
02/03/1998;7,6;3,464957952;0,04;0,018236621
16/03/1998;39,4;17,96307149;0,32;0,145892966
23/03/1998;7,88;3,592614298;0,24;0,109419725
30/03/1998;4,49;2,047060685;0,15;0,068387328
06/04/1998;15,76;7,185228595;0;0
14/04/1998;7,74;3,528786125;0;0
20/04/1998;0,19;0,086623949;0,04;0,018236621
27/04/1998;0,15;0,068387328;0,08;0,036473242
07/05/1998;0,32;0,145892966;0;0
11/05/1998;0;0;0;0
18/05/1998;3,8;1,732478976;0;0
27/05/1998;0;0;0;0
01/06/1998;7,89;3,496452596;0;0
18/06/1998;0,15;0,066472483;0;0
22/06/1998;12,04;5,335524621;0;0
06/07/1998;12,04;5,335524621;4,01;1,777031041
13/07/1998;22,8;10,10381739;0,04;0,017725995
20/07/1998;12,04;5,335524621;0;0
27/07/1998;27,58;12,22207384;0;0
03/08/1998;15,76;6,984042195;0;0
10/08/1998;40,14;17,7880364;0;0
17/08/1998;0;0;0;0
24/08/1998;23,21;10,28550884;0;0
28/09/1998;7,88;5,06558616;0;0
05/10/1998;16,37;10,52330526;0;0
12/10/1998;0;0;0;0
19/10/1998;8,18;5,258438425;0;0
04/11/1998;0;0;0;0
10/11/1998;0;0;0;0
16/11/1998;4,17;2,680646483;0;0
23/11/1998;0;0;0;0
30/11/1998;0;0;0;0
07/12/1998;2,09;0,634289428;0;0
15/12/1998;0;0;0;0
21/12/1998;0;0;0;0
05/01/1999;0;0;0;0
11/01/1999;1,93;0,585731385;0;0
20/01/1999;4,85;1,471915658;0,93;0,282243621
26/01/1999;1,61;0,488615301;0;0
01/02/1999;5,91;1,793612688;0;0
08/02/1999;8,34;2,531087956;2,09;0,634289428
15/02/1999;24,55;7,450624618;0,04;0,012139511
22/02/1999;7,6;2,30650701;0,08;0,024279021
08/03/1999;34,19;15,58775163;0,04;0,018236621
15/03/1999;16,06;7,322003251;0;0
22/03/1999;7,47;3,405688934;7,47;3,405688934
06/04/1999;8,03;3,661001626;0,08;0,036473242
12/04/1999;8,18;3,729388954;0,33;0,150452122
19/04/1999;0,38;0,173247898;0;0
26/04/1999;8,03;3,661001626;0,16;0,072946483
04/05/1999;12,77;5,82204119;0;0
10/05/1999;0;0;0,3;0,136774656
17/05/1999;15,2;6,929915904;0;0
26/05/1999;16,06;7,322003251;0;0
02/06/1999;27,08;12,0004989;7,74;3,429980113
07/06/1999;30,4;13,47175652;0;0
14/06/1999;7,74;3,429980113;0,08;0,035451991
21/06/1999;46,42;20,57101768;0;0
05/07/1999;68,39;30,30702067;0;0
12/07/1999;30,4;13,47175652;0;0
19/07/1999;32,12;14,23397432;4,01;1,777031041
26/07/1999;7,88;3,492021097;0;0
02/08/1999;136,17;60,3437199;0;0
09/08/1999;196,4;87,0346375;0;0
16/08/1999;60,79;26,93908154;0;0
01/09/1999;116,05;74,6016845;0;0
06/09/1999;0;0;0;0
20/09/1999;61,9;39,79185067;0;0
04/10/1999;23,21;14,9203369;0;0
11/10/1999;48,17;30,96564534;0;0
25/10/1999;234,24;150,5790485;0;0
03/11/1999;8,03;5,162012292;0;0
08/11/1999;7,88;5,06558616;0;0
15/11/1999;3,87;2,487794218;0;0
22/11/1999;8,18;5,258438425;0;0
29/11/1999;16,06;10,32402458;4,01;2,577791942
07/12/1999;1,97;0,597870896;0;0
14/12/1999;3,8;1,153253505;0;0
04/01/2000;1,25;0,379359706;0;0
10/01/2000;0;0;0;0
17/01/2000;10,17;3,086470565;0;0
24/01/2000;6,02;1,826996342;0;0
02/02/2000;7,63;2,315611643;0;0
14/02/2000;15,55;4,719234738;0;0
28/02/2000;0;0;0;0
13/03/2000;4,73;2,15648041;0;0
20/03/2000;96,24;43,87730964;0;0
27/03/2000;9,62;4,385907302;0;0
03/04/2000;0;0;0;0
11/04/2000;21,56;9,829538611;0;0
27/04/2000;0;0;0;0
03/05/2000;53,89;24,56928737;0;0
08/05/2000;18,91;8,621362483;0;0
15/05/2000;19,96;9,100073779;0;0
22/05/2000;28,37;12,9343233;0;0
31/05/2000;10,17;4,636660838;0;0
05/06/2000;23,64;10,47606329;0;0
19/06/2000;10,17;4,506834335;0;0
26/06/2000;122,49;54,28142947;0;0
03/07/2000;129,84;57,53858113;0;0
10/07/2000;274,56;121,6712325;0;0
17/07/2000;75,26;33,35146038;0;0
11/09/2000;0;0;0;0
20/09/2000;19,6;12,59968131;0;0
16/10/2000;29,94;19,24665604;0;0
26/10/2000;25,42;16,34101525;0;0
06/11/2000;0;0;0;0
13/11/2000;14,7;9,449760983;0;0
18/12/2000;0;0;0;0
08/01/2001;0,31;0,094081207;0;0
16/01/2001;1,01;0,306522642;0;0
29/01/2001;2,95;0,895288905;0;0
08/02/2001;4,45;1,350520552;0;0
13/02/2001;0;0;0;0
19/02/2001;1,24;0,376324828;0;0
27/02/2001;16,72;5,074315422;0;0
05/03/2001;36,35;16,57252915;0;0
12/03/2001;11,86;5,407158067;0;0
02/04/2001;6,02;2,74461143;0;0
09/04/2001;18,91;8,621362483;0;0
18/04/2001;0;0;0;0
23/04/2001;9,8;4,467972096;0;0
30/04/2001;12,03;5,484663706;0;0
09/05/2001;4,99;2,275018445;0;0
14/05/2001;0;0;279,1;127,2460216
21/05/2001;58,79;26,80327342;0;0
30/05/2001;9,8;4,467972096;0;0
04/06/2001;39,92;17,69054343;0;0
11/06/2001;19,25;8,530635295;0;0
18/06/2001;57,39;25,43237193;0;0
25/06/2001;211,73;93,82812524;0;0
02/07/2001;173,6;76,93082011;0;0
09/07/2001;272,06;120,5633578;0;0
16/07/2001;64,87;28,74713307;0;0
23/07/2001;76,18;33,75915827;0;0
30/07/2001;20,11;8,911744196;0;0
13/08/2001;105,34;46,68140893;0;0
20/08/2001;195,98;86,84851455;0;0
03/09/2001;1028,9;661,4189847;0;0
10/09/2001;78,39;50,39229683;0;0
17/09/2001;117,59;75,59165946;0;0
24/09/2001;156,78;100,7845937;0;0
09/10/2001;9,8;6,299840655;0;0
22/10/2001;4,9;3,149920328;0;0
29/10/2001;9,8;6,299840655;0;0
05/11/2001;9,8;6,299840655;0;0
12/11/2001;5,18;3,329915775;0;0
19/11/2001;0;0;0;0
26/11/2001;57;36,64193034;0;0
10/12/2001;0;0;0;0
07/01/2002;9,8;2,974180092;0;0
14/01/2002;9,8;2,974180092;0;0
12/02/2002;0;0;0;0
18/02/2002;1,2;0,364185317;0;0
04/03/2002;12,03;5,484663706;0;0
19/03/2002;23,64;10,77784289;0;0
25/03/2002;27,96;12,74739794;0;0
02/04/2002;0;0;0;0
08/04/2002;2,54;1,158025421;0;0
15/04/2002;0;0;0;0
22/04/2002;4,9;2,233986048;0;0
01/05/2002;9,46;4,312960819;0;0
07/05/2002;35,59;16,22603336;0;0
16/05/2002;14,44;6,583420109;0;0
06/06/2002;55,93;24,78537309;0;0
11/06/2002;34,93;15,4792255;0;0
18/06/2002;58,79;26,05278177;0;0
24/06/2002;269,47;119,4155996;0;0
01/07/2002;38,5;17,06127059;0;0
22/07/2002;146,99;65,13860166;0;0
29/07/2002;298,35;132,2137683;0;0
05/08/2002;294,9;130,6849012;0;0
12/08/2002;43,31;19,19282154;0;0
20/08/2002;91,52;40,55707752;0;0
28/08/2002;0;0;0;0
02/09/2002;49,9;32,07776007;0;0
09/09/2002;192,48;123,7340132;0;0
16/09/2002;25,91;16,65600728;0;0
23/09/2002;244,98;157,4831596;0;0
30/09/2002;176,38;113,384275;0;0
07/10/2002;460,56;296,0667972;0;0
14/10/2002;44,1;28,34928295;0;0
28/10/2002;494,85;318,1098111;0;0
04/11/2002;80,84;51,967257;0;0
18/11/2002;166,58;107,0844343;0;0
25/11/2002;176,38;113,384275;0;0
03/12/2002;2,45;0,743545023;0;0
16/12/2002;26,95;8,178995253;0;0
06/01/2003;16,84;5,110733954;0;0
13/01/2003;7,49;2,273123356;0;0
22/01/2003;9,8;2,974180092;0;0
27/01/2003;17;5,159291996;0;0
03/02/2003;6,02;1,826996342;0;0
10/02/2003;9,62;2,919552294;0;0
17/02/2003;1,25;0,379359706;0;0
03/03/2003;2,54;1,158025421;0;0
11/03/2003;9,98;4,55003689;0;0
17/03/2003;0;0;0;0
25/03/2003;0;0;0;0
31/03/2003;0;0;0;0
07/04/2003;0;0;0;0
14/04/2003;1,25;0,5698944;0;0
22/04/2003;0;0;0;0
06/05/2003;10,11;4,609305907;0;0
12/05/2003;4,9;2,233986048;0;0
19/05/2003;0;0;0;0
28/05/2003;15,25;6,95271168;0;0
03/06/2003;24,06;10,66218624;0;0
09/06/2003;19,96;8,845271713;0;0
16/06/2003;22,46;9,953146427;0;0
23/06/2003;100,44;44,50997449;0;0
30/06/2003;124,76;55,28737971;0;0
07/07/2003;44,1;19,54290995;0;0
14/07/2003;73,49;32,56708508;0;0
21/07/2003;71,04;31,48136786;0;0
28/07/2003;89,82;39,80372271;0;0
04/08/2003;19,6;8,685737755;0;0
11/08/2003;117,59;52,10999503;0;0
20/08/2003;14,7;6,514303316;0;0
27/08/2003;299,42;132,6879387;0;0
02/09/2003;86,62;55,6828773;0;0
11/09/2003;137,19;88,19134077;0;0
15/09/2003;192,48;123,7340132;9,62;6,184129296
24/09/2003;19,96;12,83110403;0;0
29/09/2003;4,77;3,066351013;0;0
13/10/2003;28,62;18,39810608;0;0
21/10/2003;9,98;6,415552014;0;0
27/10/2003;58,79;37,79261552;0;0
06/11/2003;73,49;47,24237651;0;0
10/11/2003;22,05;14,17464147;0;0
24/11/2003;10,17;6,537691782;0;0
10/12/2003;0;0;0;0
15/12/2003;0;0;0;0
21/01/2004;0;0;0;0
28/01/2004;1,18;0,358115562;0;0
12/02/2004;0;0;0;0
16/02/2004;12,25;3,717725115;0;0
23/02/2004;9,8;2,974180092;0;0
01/03/2004;0;0;0;0
08/03/2004;29,4;13,40391629;0;0
29/03/2004;0;0;0;0
13/04/2004;0;0;0;0
22/04/2004;14,7;6,701958144;0;0
26/04/2004;9,62;4,385907302;0;0
17/05/2004;0;0;0;0
24/05/2004;0;0;0;0
02/06/2004;61,01;27,03657451;0;0
07/06/2004;19,25;8,530635295;0;0
14/06/2004;164,68;72,97792313;0;0
21/06/2004;384,96;170,5949799;0;0
30/06/2004;223,71;99,13706087;0;0
06/07/2004;509,55;225,8070241;0;0
12/07/2004;129,55;57,41006766;0;0
21/07/2004;449,12;199,0274765;0;0
02/08/2004;91,87;40,71217998;52,06;23,07038304
09/08/2004;18,71;8,291334357;21,05;9,328305089
16/08/2004;12,38;5,486195582;14,86;6,585207298
25/08/2004;2,43;1,076854222;19,43;8,610402274
31/08/2004;4,68;2,073941464;7,02;3,110912196
06/09/2004;4,86;3,124206692;9,72;6,248413385
21/09/2004;0;0;18,71;12,02755292
27/09/2004;0;0;18,71;12,02755292
18/10/2004;0;0;4,68;3,008495333
26/10/2004;0;0;0;0
01/11/2004;0;0;4,68;3,008495333
09/11/2004;0;0;5,67;3,644907808
16/11/2004;0;0;0;0
23/11/2004;0;0;0,65;0,417846574
29/11/2004;0;0;0;0
06/12/2004;0;0;0;0
13/12/2004;1,62;0,491650178;0;0
20/12/2004;0;0;1,56;0,473440913
06/01/2005;0,08;0,024279021;0;0
19/01/2005;1,17;0,355080684;0;0
24/01/2005;0;0;0;0
31/01/2005;4,59;1,393008839;0;0
07/02/2005;7,29;2,212425803;0;0
15/02/2005;2,3;0,698021858;0,77;0,233685579
22/02/2005;2,38;0,722300879;3,18;0,965091091
28/02/2005;0;0;1,56;0,473440913
07/03/2005;0,16;0,072946483;3,24;1,477166285
15/03/2005;0;0;0;0
21/03/2005;0;0;2,43;1,107874714
29/03/2005;0;0;1,15;0,524302848
04/04/2005;0;0;0;0
11/04/2005;0,15;0,068387328;0;0
18/04/2005;0;0;0;0
26/04/2005;0;0;0;0
04/05/2005;0;0;0;0
09/05/2005;4,77;2,17471703;0;0
16/05/2005;0;0;0;0
25/05/2005;0;0;0;0
01/06/2005;0,65;0,288047426;4,86;2,153708443
06/06/2005;0;0;19,07;8,450868315
13/06/2005;4,86;2,153708443;14,57;6,456693831
20/06/2005;10,11;4,480245342;15,16;6,718152263
27/06/2005;0,61;0,27032143;55,12;24,42642169
04/07/2005;0;0;72,87;32,29233215
11/07/2005;0,31;0,137376464;32,75;14,51315875
25/07/2005;0;0;2,41;1,067991224
01/08/2005;0;0;48,58;21,52822143
08/08/2005;0;0;36,75;16,28575829
15/08/2005;6,32;2,800707276;19,43;8,610402274
30/08/2005;4,86;2,153708443;72,87;32,29233215
05/09/2005;4,86;3,124206692;5,06;3,252774869
12/09/2005;4,86;3,124206692;29,15;18,73881175
19/09/2005;4,77;3,066351013;28,6;18,38524926
26/09/2005;4,68;3,008495333;16,37;10,52330526
03/10/2005;17;10,92829501;12,15;7,810516731
10/10/2005;2,34;1,504247667;0,94;0,60427043
17/10/2005;4,86;3,124206692;3,72;2,391368086
07/11/2005;0;0;4,77;3,066351013
15/11/2005;2,43;1,562103346;2,59;1,664957887
22/11/2005;0;0;20,67;13,28752106
28/11/2005;0;0;12,15;7,810516731
05/12/2005;0;0;0;0
12/12/2005;0;0;2,43;0,737475268
19/12/2005;0;0;1,15;0,349010929
03/01/2006;0;0;0,15;0,045523165
09/01/2006;0;0;0,16;0,048558042
16/01/2006;0;0;0,48;0,145674127
23/01/2006;0;0;0;0
06/02/2006;0;0;0;0
13/02/2006;0;0;0;0
21/02/2006;0;0;0;0
27/02/2006;0;0;0;0
06/03/2006;0,08;0,036473242;0;0
15/03/2006;0;0;9,72;4,431498854
20/03/2006;0;0;5,85;2,667105792
29/03/2006;28,07;12,79754865;4,68;2,133684634
03/04/2006;0;0;0;0
11/04/2006;0;0;0;0
18/04/2006;0;0;4,67;2,129125478
25/04/2006;0;0;10,11;4,609305907
04/05/2006;0;0;5,02;2,28869591
08/05/2006;0;0;5,39;2,457384653
15/05/2006;0,08;0,036473242;0,08;0,036473242
23/05/2006;9,91;4,518122803;7,43;3,387452314
06/06/2006;0;0;6,07;2,689919805
12/06/2006;0,08;0,035451991;0,08;0,035451991
20/06/2006;4,77;2,113824954;19,07;8,450868315
27/06/2006;0;0;18,37;8,140663396
03/07/2006;11,48;5,087360685;45,93;20,35387424
10/07/2006;43,31;19,19282154;62,56;27,72345683
17/07/2006;44,04;19,51632095;69,53;30,81221153
07/08/2006;19,43;8,610402274;9,72;4,307416886
14/08/2006;32,75;14,51315875;39,77;17,62407094
21/08/2006;26,72;11,84096494;48,58;21,52822143
29/08/2006;26,72;11,84096494;19,43;8,610402274
04/09/2006;34,01;21,86301844;26,72;17,1767084
12/09/2006;80,16;51,5301252;4,86;3,124206692
25/09/2006;7,15;4,596312315;0;0
03/10/2006;14,04;9,025486;14,04;9,025486
09/10/2006;9,72;6,248413385;0;0
30/10/2006;0;0;0;0
06/11/2006;0,08;0,051427271;4,86;3,124206692
18/12/2006;0,166753517;0,050607652;0,083376759;0,025303826
15/01/2007;0,809716599;0,24573908;0,809716599;0,24573908
22/01/2007;2,807017544;0,851895479;0,116959064;0,035495645
29/01/2007;0;0;11,43992056;3,471875917
05/02/2007;0;0;8,652824722;2,626026431
16/02/2007;4,858299595;1,474434483;14,57489879;4,423303451
20/02/2007;4,593301435;1,394010784;9,186602871;2,788021568
26/02/2007;7,01754386;2,129738698;14,03508772;4,259477396
07/03/2007;0;0;33,91812865;15,46380126
12/03/2007;1,148325359;0,523539353;120,5741627;54,97163209
20/03/2007;2,429149798;1,107487093;0;0
26/03/2007;9,356725146;4,26587621;19,49317739;8,887242106
10/04/2007;0;0;4,678362573;2,132938105
16/04/2007;0;0;7,430340557;3,387607579
23/04/2007;0;0;0,306220096;0,139610494
30/04/2007;0;0;0;0
08/05/2007;0;0;0;0
21/05/2007;0;0;0,311890838;0,142195874
04/06/2007;0;0;4,678362573;2,073215838
11/06/2007;0;0;4,858299595;2,152954909
25/06/2007;2,429149798;1,076477455;0;0
02/07/2007;0;0;11,69590643;5,183039595
09/07/2007;0;0;4,834307992;2,142323033
16/07/2007;0;0;41,33971292;18,31968904
23/07/2007;0;0;11,69590643;5,183039595
30/07/2007;0;0;28,07017544;12,43929503
06/08/2007;0,155945419;0,069107195;10,52631579;4,664735636
13/08/2007;0;0;4,925521351;2,182744222
20/08/2007;0;0;11,69590643;5,183039595
28/08/2007;0;0;14,2999007;6,336999357
03/09/2007;0;0;27,81265089;17,87910906
10/09/2007;0;0;33,68421053;21,65358765
17/09/2007;0;0;32,87027979;21,13035969
28/09/2007;0;0;18,99485556;12,21066972
02/10/2007;0;0;18,64439697;11,98538061
08/10/2007;2,429149798;1,561556802;17,00404858;10,93089761
25/10/2007;0;0;18,71345029;12,02977091
30/10/2007;0;0;18,92371378;12,16493688
05/11/2007;0;0;14,43609023;9,280108993
12/11/2007;0;0;14,03508772;9,022328186
22/11/2007;0;0;14,71640266;9,460305283
11/12/2007;0;0;0,157109191;0,047680717
28/01/2008;0;0;5,052631579;1,533411863
13/02/2008;0;0;12,63157895;3,833529657
20/02/2008;0;0;10,10526316;3,066823726
27/02/2008;0;0;0,673684211;0,204454915
05/03/2008;0;0;12,63157895;5,758932885
17/03/2008;0;0;20,54736842;9,367864158
31/03/2008;0;0;35,36842105;16,12501207
07/04/2008;0;0;15,15789474;6,910719462
14/04/2008;0;0;20,21052632;9,214292617
21/04/2008;0;0;40,42105263;18,42858523
28/04/2008;0;0;1,684210526;0,767857718
06/05/2008;0;0;30,31578947;13,82143892
12/05/2008;0;0;0,168421053;0,076785772
19/05/2008;0;0;12,63157895;5,758932885
28/05/2008;0;0;2,694736842;1,228572349
02/06/2008;0;0;5,052631579;2,239073105
09/06/2008;0;0;5,221052632;2,313708876
16/06/2008;0;0;10,10526316;4,478146212
23/06/2008;0;0;80,84210526;35,82516968
30/06/2008;0;0;151,5789474;67,17219318
14/07/2008;4,210526316;1,865894255;55,15789474;24,44321474
21/07/2008;7,578947368;3,358609658;9,263157895;4,10496736
28/07/2008;22,90526316;10,15046475;26,61052632;11,79245169
20/08/2008;15,15789474;6,717219318;35,36842105;15,67351174
26/08/2008;35,36842105;15,67351174;12,63157895;5,597682765
02/09/2008;85,89473684;55,21664849;35,36842105;22,73626703
10/09/2008;15,15789474;9,744114442;35,36842105;22,73626703
15/09/2008;0,673684211;0,433071753;10,10526316;6,496076295
22/09/2008;154,1052632;99,0651635;15,15789474;9,744114442
29/09/2008;7,578947368;4,87205722;5,389473684;3,464574023
06/10/2008;5,052631579;3,248038147;15,15789474;9,744114442
13/10/2008;23,91578947;15,37404723;0,084210526;0,054133969
21/10/2008;212,2105263;136,4176022;35,36842105;22,73626703
27/10/2008;1,010526316;0,649607629;10,10526316;6,496076295
03/11/2008;70,73684211;45,47253406;20,21052632;12,99215259
17/11/2008;7,578947368;4,87205722;12,63157895;8,120095368
26/11/2008;0;0;10,10526316;6,496076295
01/12/2008;12,63157895;3,833529657;0;0
08/12/2008;0,336842105;0,102227457;0,505263158;0,153341186
15/12/2008;2,863157895;0,868933389;10,10526316;3,066823726
22/12/2008;0;0;2,694736842;0,81781966
05/01/2009;1,515789474;0,460023559;6,315789474;1,916764828
13/01/2009;6,4;1,942321693;2,273684211;0,690035338
21/01/2009;10,10526316;3,066823725;5,726315789;1,737866778
26/01/2009;2,526315789;0,766705931;2,526315789;0,766705931
11/02/2009;5,052631579;1,533411863;0;0
16/02/2009;2,526315789;0,766705931;0;0
23/02/2009;3,368421053;1,022274575;5,052631579;1,533411863
02/03/2009;5,052631579;2,303573154;3,368421053;1,535715436
09/03/2009;7,578947368;3,455359731;1,684210526;0,767857718
16/03/2009;0;0;1,010526316;0,460714631
23/03/2009;20,21052632;9,214292615;0;0
30/03/2009;12,63157895;5,758932884;4,210526316;1,919644295
06/04/2009;0;0;0;0
14/04/2009;0;0;7,831578947;3,570538388
21/04/2009;0;0;40,42105263;18,42858523
27/04/2009;0;0;3,494736842;1,593304765
05/05/2009;0;0;5,052631579;2,303573154
13/05/2009;0;0;13,97894737;6,373219059
21/05/2009;5,052631579;2,303573154;35,36842105;16,12501208
02/06/2009;13,81052632;6,120133155;75,78947368;33,58609658
08/06/2009;33,51578947;14,85251827;93,47368421;41,42285245
15/06/2009;105,2631579;46,64735636;72;31,90679175
22/06/2009;391,5789474;173,5281657;103,5789474;45,90099866
29/06/2009;348,6315789;154,4960443;128,8421053;57,09636419
07/07/2009;2490,947368;1103,863041;25,26315789;11,19536553
13/07/2009;4077,473684;1806,931996;0,084210526;0,037317885
20/07/2009;970,1052632;429,9020362;10,10526316;4,478146211
27/07/2009;1980,631579;877,7166573;10,10526316;4,478146211
12/08/2009;5957,052632;2639,867191;85,89473684;38,06424279
17/08/2009;814,7368421;361,0505382;13,89473684;6,15745104
24/08/2009;219,7894737;97,39968008;17,68421053;7,836755869
01/09/2009;232,4210526;149,4097547;20,21052632;12,99215259
07/09/2009;88,06015038;56,60866484;28,15037594;18,09621253
14/09/2009;83,36842105;53,59262942;17,76842105;11,42226748
22/09/2009;361,2631579;232,2347275;5,052631579;3,248038147
28/09/2009;171,3684211;110,1626271;41,68421053;26,79631471
07/10/2009;116,2105263;74,70487737;27,15789474;17,45820504
12/10/2009;98,52631579;63,33674386;17,68421053;11,36813351
19/10/2009;70,73684211;45,47253405;32,84210526;21,11224795
26/10/2009;37,89473684;24,3602861;10,44210526;6,71261217
09/11/2009;5,726315789;3,6811099;5,726315789;3,6811099
01/12/2009;0,336842105;0,102227458;0,842105263;0,255568644
09/12/2009;5,052631579;1,533411863;0;0
15/12/2009;0,673684211;0,204454915;0;0
21/12/2009;1,263157895;0,383352966;0,505263158;0,153341186
04/01/2010;10,27368421;3,117937454;0,673684211;0,204454915
11/01/2010;5,221052632;1,584525591;0,168421053;0,051113729
18/01/2010;1,010526316;0,306682373;0,168421053;0,051113729
26/01/2010;10,10526316;3,066823725;0,168421053;0,051113729
01/02/2010;10,27368421;3,117937454;0;0
08/02/2010;5,052631579;1,533411863;10,10526316;3,066823725
15/02/2010;15,15789474;4,600235588;0;0
25/02/2010;5,052631579;1,533411863;27,78947368;8,433765244
01/03/2010;0,252631579;0,115178658;5,052631579;2,303573154
08/03/2010;0;0;3,031578947;1,382143892
15/03/2010;15,15789474;6,910719461;0;0
23/03/2010;2,526315789;1,151786577;15,15789474;6,910719461
07/04/2010;0;0;5,052631579;2,303573154
12/04/2010;5,052631579;2,303573154;0;0
19/04/2010;0;0;0;0
26/04/2010;3,621052632;1,650894093;0;0
04/05/2010;0;0;0;0
10/05/2010;2,526315789;1,151786577;2,526315789;1,151786577
17/05/2010;0;0;0;0
24/05/2010;0;0;0;0
02/06/2010;0;0;0;0
07/06/2010;0;0;0;0
14/06/2010;0;0;12,63157895;5,597682763
21/06/2010;0;0;25,26315789;11,19536553
29/06/2010;0;0;50,52631579;22,39073105
05/07/2010;0,673684211;0,298543081;14,98947368;6,642583546
12/07/2010;18,94736842;8,396524145;2,021052632;0,895629242
19/07/2010;12,63157895;5,597682763;25,26315789;11,19536553
26/07/2010;18,94736842;8,396524145;0;0
03/08/2010;28,8;12,7627167;12,63157895;5,597682763
11/08/2010;18,94736842;8,396524145;6,315789474;2,798841382
16/08/2010;25,26315789;11,19536553;0;0
02/09/2010;15,15789474;9,74411444;5,052631579;3,248038147
06/09/2010;106,1052632;68,20880108;38,56842105;24,79335785
13/09/2010;27,78947368;17,86420981;34,10526316;21,92425749
20/09/2010;31,57894737;20,30023842;31,57894737;20,30023842
27/09/2010;37,89473684;24,3602861;22,73684211;14,61617166
04/10/2010;80,84210526;51,96861035;20,21052632;12,99215259
13/10/2010;6,821052632;4,384851498;0,715789474;0,460138737
18/10/2010;50,52631579;32,48038147;37,89473684;24,3602861
25/10/2010;45,47368421;29,23234332;16,42105263;10,55612398
01/11/2010;5,052631579;3,248038147;0;0
10/11/2010;18,94736842;12,18014305;0;0
16/11/2010;6,484210526;4,168315622;0,336842105;0,216535876
22/11/2010;0,168421053;0,108267938;0;0
30/11/2010;0;0;0;0
06/12/2010;0;0;0;0
13/12/2010;0;0;0;0
21/12/2010;0;0;5,221052632;1,584525591
06/01/2011;0,084210526;0,025556864;0;0
17/01/2011;0;0;0;0
25/01/2011;0,252631579;0,076670593;0;0
25/01/2011;0;0;0;0
31/01/2011;0,168421053;0,051113729;2,526315789;0,766705931
08/02/2011;0;0;0;0
14/02/2011;0;0;0;0
22/02/2011;10,10526316;3,066823725;12,63157895;3,833529657
28/02/2011;0;0;40,42105263;12,2672949
07/03/2011;10,10526316;4,607146307;35,36842105;16,12501208
14/03/2011;5,052631579;2,303573154;35,36842105;16,12501208
22/03/2011;30,31578947;13,82143892;10,10526316;4,607146307
28/03/2011;0;0;8,421052632;3,839288589
06/04/2011;25,26315789;11,51786577;0;0
11/04/2011;10,10526316;4,607146307;12,63157895;5,758932884
18/04/2011;0;0;16,84210526;7,678577179
26/04/2011;4,210526316;1,919644295;5,052631579;2,303573154
11/05/2011;0;0;0;0
16/05/2011;0;0;0,336842105;0,153571544
24/05/2011;0;0;10,44210526;4,760717851
01/06/2011;0;0;40,42105263;17,91258484
06/06/2011;0;0;53,05263158;23,51026761
14/06/2011;0;0;10,10526316;4,478146211
20/06/2011;15,15789474;6,717219316;25,26315789;11,19536553
27/06/2011;0;0;98,52631579;43,66192555
04/07/2011;10,10526316;4,478146211;50,52631579;22,39073105
11/07/2011;0;0;22,73684211;10,07582897
19/07/2011;0;0;60,63157895;26,86887726
25/07/2011;25,26315789;11,19536553;25,93684211;11,49390861
01/08/2011;37,89473684;16,79304829;126,3157895;55,97682763
08/08/2011;88,42105263;39,18377934;88,42105263;39,18377934
15/08/2011;75,78947368;33,58609658;50,52631579;22,39073105
22/08/2011;126,3157895;55,97682763;189,4736842;83,96524145
30/08/2011;202,1052632;89,56292422;75,78947368;33,58609658
15/09/2011;12,63157895;8,120095367;37,89473684;24,3602861
19/09/2011;37,89473684;24,3602861;25,26315789;16,24019073
26/09/2011;38,23157895;24,57682198;14,65263158;9,419310625
03/10/2011;0;0;2,357894737;1,515751135
12/10/2011;0,336842105;0,216535876;13,30526316;8,55316712
17/10/2011;0;0;12,8;8,228363305
25/10/2011;0;0;0,168421053;0,108267938
08/11/2011;0,168421053;0,108267938;0,168421053;0,108267938
16/11/2011;0,673684211;0,433071753;32,84210526;21,11224795
21/11/2011;25,93684211;16,67326249;5,052631579;3,248038147
19/12/2011;0;0;0,336842105;0,102227458
09/01/2012;4,210526316;1,277843219;2,526315789;0,766705931
16/01/2012;0;0;0;0
23/01/2012;2,021052632;0,613364745;0;0
30/01/2012;0,336842105;0,102227458;0;0
07/02/2012;0;0;0,168421053;0,051113729
13/02/2012;0,168421053;0,051113729;0;0
20/02/2012;4,547368421;1,380070676;2,273684211;0,690035338
27/02/2012;0,252631579;0,076670593;0;0
06/03/2012;12,63157895;5,758932884;0;0
13/03/2012;0,336842105;0,153571544;0;0
19/03/2012;0,673684211;0,307143087;5,052631579;2,303573154
26/03/2012;0;0;0;0
02/04/2012;0;0;0;0
11/04/2012;20,21052632;9,214292615;5,052631579;2,303573154
16/04/2012;5,052631579;2,303573154;0;0
24/04/2012;10,10526316;4,607146307;0;0
01/05/2012;0;0;0,084210526;0,038392886
08/05/2012;5,052631579;2,303573154;0;0
14/05/2012;5,052631579;2,303573154;0;0
21/05/2012;10,10526316;4,607146307;1,010526316;0,460714631
28/05/2012;0;0;0;0
11/06/2012;90,94736842;40,3033159;0;0
18/06/2012;55,57894737;24,62980416;5,052631579;2,239073105
25/06/2012;45,47368421;20,15165795;2,526315789;1,119536553
02/07/2012;60,63157895;26,86887726;0;0
09/07/2012;44,21052632;19,59188967;18,94736842;8,396524145
23/07/2012;72;31,90679175;37,89473684;16,79304829
30/07/2012;5,389473684;2,388344646;5,052631579;2,239073105
06/08/2012;1,684210526;0,746357702;23,24210526;10,29973628
14/08/2012;0;0;45,47368421;20,15165795
20/08/2012;63,15789474;27,98841382;618,9473684;274,2864554
03/09/2012;10,10526316;6,496076293;72;46,28454359
10/09/2012;56,84210526;36,54042915;846,3157895;544,0463896
17/09/2012;0;0;71,57894737;46,01387374
26/09/2012;6,315789474;4,060047683;75,78947368;48,7205722
08/10/2012;10,77894737;6,929148046;3,705263158;2,381894641
15/10/2012;5,052631579;3,248038147;45,47368421;29,23234332
22/10/2012;30,31578947;19,48822888;15,15789474;9,74411444
30/10/2012;5,557894737;3,572841961;10,10526316;6,496076293
07/11/2012;20,21052632;12,99215259;10,10526316;6,496076293
14/11/2012;15,15789474;9,74411444;10,77894737;6,929148046
28/11/2012;6,989473684;4,493119436;0;0
05/12/2012;5,052631579;1,533411863;0;0
10/12/2012;0,336842105;0,102227458;5,221052632;1,584525591
18/12/2012;0;0;0,168421053;0,051113729
09/01/2013;1,263157895;0,383352966;0;0
14/01/2013;2,526315789;0,766705931;0;0
21/01/2013;1,263157895;0,383352966;0;0
07/02/2013;3,789473684;1,150058897;0;0
11/02/2013;1,263157895;0,383352966;0;0
19/02/2013;6,315789474;1,916764828;0;0
25/02/2013;5,052631579;1,533411863;0;0
06/03/2013;5,052631579;2,303573154;0;0
13/03/2013;0;0;0;0
19/03/2013;0;0;0;0
25/03/2013;0;0;0;0
03/04/2013;12,63157895;5,758932884;0;0
09/04/2013;0;0;0;0
17/04/2013;0;0;0;0
22/04/2013;5,052631579;2,303573154;0;0
29/04/2013;88,42105263;40,31253019;0;0
07/05/2013;4,953560372;2,258405053;0;0
15/05/2013;12,63157895;5,758932884;4,953560372;2,258405053
20/05/2013;0,673684211;0,307143087;0;0
29/05/2013;2,526315789;1,151786577;2,526315789;1,151786577
03/06/2013;0;0;0;0
10/06/2013;1,684210526;0,746357702;0;0
17/06/2013;1,894736842;0,839652415;0;0
24/06/2013;7,747368421;3,433245428;2,189473684;0,970265012
01/07/2013;2,526315789;1,119536553;7,578947368;3,358609658
08/07/2013;0,505263158;0,223907311;0;0
15/07/2013;22,73684211;10,07582897;0;0
22/07/2013;50,52631579;22,39073105;18,94736842;8,396524145
30/07/2013;12,63157895;5,597682763;0;0
06/08/2013;18,44210526;8,172616835;0;0
12/08/2013;0;0;12,63157895;5,597682763
19/08/2013;25,6;11,34463707;189,4736842;83,96524145
27/08/2013;25,26315789;11,19536553;37,89473684;16,79304829
02/09/2013;6,315789474;4,060047683;6,315789474;4,060047683
09/09/2013;37,89473684;24,3602861;0;0
23/09/2013;0,168421053;0,108267938;25,26315789;16,24019073
30/09/2013;0;0;75,78947368;48,7205722
07/10/2013;23,36842105;15,02217643;34,94736842;22,46559718
14/10/2013;3,608421053;2,319640576;3,608421053;2,319640576
30/10/2013;7,915789474;5,088593096;0,673684211;0,433071753
04/11/2013;0,168421053;0,108267938;2,694736842;1,732287012
11/11/2013;30,31578947;19,48822888;21,22105263;13,64176022
18/11/2013;5,052631579;3,248038147;0;0
25/11/2013;12,63157895;8,120095367;2,526315789;1,624019073
02/12/2013;7,578947368;2,300117794;2,526315789;0,766705931
09/12/2013;6,315789474;1,916764828;0;0
17/12/2013;0,673684211;0,204454915;2,526315789;0,766705931
14/01/2014;2,526315789;0,766705931;3,789473684;1,150058897
20/01/2014;4,421052632;1,34173538;0,631578947;0,191676483
29/01/2014;19,36842105;5,878078807;3,705263158;1,124502033
10/02/2014;0,505263158;0,153341186;4,715789474;1,431184405
18/02/2014;0,505263158;0,153341186;2,694736842;0,81781966
05/03/2014;1,515789474;0,691071946;1,178947368;0,537500403
11/03/2014;1,178947368;0,537500403;3,705263158;1,689286979
17/03/2014;6,736842105;3,071430872;2,105263158;0,959822147
25/03/2014;0;0;6,315789474;2,879466442
31/03/2014;0;0;6,315789474;2,879466442
09/04/2014;0,673684211;0,307143087;0;0
14/04/2014;0;0;2,526315789;1,151786577
22/04/2014;0,673684211;0,307143087;0;0
28/04/2014;0;0;0;0
06/05/2014;0;0;0;0
12/05/2014;5,052631579;2,303573154;0;0
19/05/2014;1,263157895;0,575893288;0;0
28/05/2014;5,221052632;2,380358925;0;0
02/06/2014;15,15789474;6,717219316;0;0
09/06/2014;10,10526316;4,478146211;2,526315789;1,119536553
16/06/2014;10,10526316;4,478146211;0;0
23/06/2014;0;0;7,578947368;3,358609658
30/06/2014;2,526315789;1,119536553;0,168421053;0,07463577
07/07/2014;20,21052632;8,956292422;0;0
14/07/2014;0,336842105;0,14927154;5,052631579;2,239073105
21/07/2014;5,052631579;2,239073105;10,10526316;4,478146211
28/07/2014;0;0;15,15789474;6,717219316
04/08/2014;0,673684211;0,298543081;10,10526316;4,478146211
18/08/2014;10,10526316;4,478146211;5,052631579;2,239073105
26/08/2014;0;0;214,7368421;95,16060698
01/09/2014;138,9473684;89,32104903;252,6315789;162,4019073
08/09/2014;5,557894737;3,572841961;44,21052632;28,42033378
15/09/2014;17,68421053;11,36813351;12,63157895;8,120095367
22/09/2014;21,47368421;13,80416212;26,52631579;17,05220027
29/09/2014;15,15789474;9,74411444;10,10526316;6,496076293
13/10/2014;50,52631579;32,48038147;88,42105263;56,84066757
22/10/2014;0,168421053;0,108267938;0;0
28/10/2014;50,52631579;32,48038147;0;0
05/11/2014;10,82706767;6,960081743;7,218045113;4,640054495
17/11/2014;15,15789474;9,74411444;10,10526316;6,496076293
23/11/2014;15,15789474;9,74411444;2,526315789;1,624019073
02/12/2014;0;0;18,40601504;5,586000357
08/12/2014;5,052631579;1,533411863;2,526315789;0,766705931
15/12/2014;15,15789474;4,600235588;5,052631579;1,533411863
05/01/2015;1,263157895;0,383352966;2,526315789;0,766705931
19/01/2015;0;0;6,315789474;1,916764828
27/01/2015;1,263157895;0,383352966;0;0
02/02/2015;2,694736842;0,81781966;0;0
09/02/2015;13,47368421;4,0890983;4,210526316;1,277843219
16/02/2015;0,168421053;0,051113729;0;0
10/03/2015;6,736842105;3,071430872;0;0
16/03/2015;10,10526316;4,607146307;0;0
23/03/2015;10,10526316;4,607146307;0;0
30/03/2015;10,10526316;4,607146307;0;0
07/04/2015;20,21052632;9,214292615;0;0
13/04/2015;1,010526316;0,460714631;0,673684211;0,307143087
20/04/2015;0;0;20,21052632;9,214292615
27/04/2015;10,10526316;4,607146307;0;0
07/05/2015;5,052631579;2,303573154;5,052631579;2,303573154
11/05/2015;2,863157895;1,30535812;0;0
27/05/2015;10,10526316;4,607146307;5,052631579;2,303573154
03/06/2015;0,336842105;0,14927154;17,68421053;7,836755869
08/06/2015;13,89473684;6,15745104;12,63157895;5,597682763
15/06/2015;20,21052632;8,956292422;55,57894737;24,62980416
22/06/2015;22,73684211;10,07582897;20,21052632;8,956292422
29/06/2015;10,94736842;4,851325062;20,54736842;9,105563962
06/07/2015;5,052631579;2,239073105;35,36842105;15,67351174
14/07/2015;7,578947368;3,358609658;5,052631579;2,239073105
20/07/2015;0,673684211;0,298543081;45,47368421;20,15165795
28/07/2015;25,26315789;11,19536553;10,10526316;4,478146211
03/08/2015;40,42105263;17,91258484;5,052631579;2,239073105
10/08/2015;40,42105263;17,91258484;10,10526316;4,478146211
17/08/2015;10,10526316;4,478146211;50,52631579;22,39073105
24/08/2015;1,010526316;0,447814621;25,26315789;11,19536553
01/09/2015;65,68421053;42,22449591;12,63157895;8,120095367
07/09/2015;1,010526316;0,649607629;0;0
16/09/2015;0,168421053;0,108267938;0;0
23/09/2015;19,11578947;12,28841099;0;0
29/09/2015;6,315789474;4,060047683;6,315789474;4,060047683
07/10/2015;10,10526316;6,496076293;0;0
13/10/2015;6,315789474;4,060047683;5,052631579;3,248038147
19/10/2015;0;0;0;0
27/10/2015;6,315789474;4,060047683;6,315789474;4,060047683
02/11/2015;5,052631579;3,248038147;2,105263158;1,353349228
16/11/2015;0,168421053;0,108267938;0;0
23/11/2015;0;0;5,221052632;3,356306085
07/12/2015;20,21052632;6,133647451;0,168421053;0,051113729
15/12/2015;0;0;5,052631579;1,533411863
05/01/2016;0,673684211;0,204395789;0;0
13/01/2016;0,505263158;0,153296842;0;0
19/01/2016;0;0;3,789473684;1,150105263
28/01/2016;1,515789474;0,459890526;0,8;0,2428
02/02/2016;0,168421053;0,051098947;1,347368421;0,408926316
10/02/2016;3,157894737;0,958105263;4,421052632;1,341789474
15/02/2016;0,631578947;0,191621053;0,631578947;0,191684211
23/02/2016;0,084210526;0,025549474;0,589473684;0,178905263
29/02/2016;2,610526316;0,792033684;2,526315789;0,766736842
07/03/2016;10,10526316;4,607191579;5,052631579;2,303494737
14/03/2016;25,26315789;11,51797895;5,726315789;2,610627368
21/03/2016;10,77894737;4,914337684;10,27368421;4,683772632
30/03/2016;75,78947368;34,55393684;6,989473684;3,186501053
04/04/2016;25,26315789;11,51797895;12,63157895;5,758736842
11/04/2016;2,357894737;1,075011368;12,63157895;5,758736842
18/04/2016;10,10526316;4,607191579;0;0
25/04/2016;10,10526316;4,607191579;5,052631579;2,303494737
03/05/2016;18,94736842;8,638484211;6,315789474;2,879368421
10/05/2016;0,631578947;0,287949474;0;0
16/05/2016;0,084210526;0,038393263;0;0
23/05/2016;1,263157895;0,575898947;0,084210526;0,038391579
01/06/2016;0;0;0;0
08/06/2016;1,178947368;0,521094737;0,168421053;0,074442105
13/06/2016;0,084210526;0,037221053;0,084210526;0,037221053
20/06/2016;2,526315789;1,116631579;1,431578947;0,632757895
27/06/2016;7,578947368;3,349894737;2,526315789;1,116631579
04/07/2016;4,715789474;2,084378947;2,736842105;1,209684211
12/07/2016;8,084210526;3,573221053;22,73684211;10,04968421
18/07/2016;2,526315789;1,116631579;21,47368421;9,491368421
25/07/2016;32,84210526;14,51621053;84,63157895;37,40715789
01/08/2016;17,68421053;7,816421053;16,42105263;7,258105263
08/08/2016;2,694736842;1,191073684;17,68421053;7,816421053
15/08/2016;20,21052632;8,933052632;50,52631579;22,33263158
22/08/2016;75,78947368;33,49894737;90,94736842;40,19873684
01/09/2016;15,15789474;9,746526316;25,26315789;16,23915789
05/09/2016;10,10526316;6,497684211;45,47368421;29,23048421
13/09/2016;35,36842105;22,74189474;45,47368421;29,23048421
19/09/2016;35,36842105;22,74189474;25,26315789;16,23915789
28/09/2016;20,21052632;12,99536842;22,73684211;14,61524211
10/10/2016;5,726315789;3,682021053;15,15789474;9,743494737
19/10/2016;2,863157895;1,841010526;25,26315789;16,23915789
24/10/2016;9,010526316;5,793768421;7,578947368;4,871747368
01/11/2016;13,13684211;8,446989474;5,221052632;3,356092632
07/11/2016;10,10526316;6,497684211;5,052631579;3,247831579
14/11/2016;20,21052632;12,99536842;0,168421053;0,108261053
23/11/2016;5,052631579;3,248842105;2,526315789;1,623915789
28/11/2016;5,052631579;3,248842105;2,863157895;1,840437895
05/12/2016;5,389473684;1,635166316;0,505263158;0,153347368
12/12/2016;0,926315789;0,281044211;0;0
19/12/2016;2,778947368;0,843132632;10,10526316;3,066947368
03/01/2017;0,505263158;0,153342316;0,715789474;0,216884211
10/01/2017;1,263157895;0,383355789;0,631578947;0,191368421
16/01/2017;0,084210526;0,025557053;0;0
23/01/2017;0,336842105;0,102228211;0,336842105;0,102063158
30/01/2017;2,021052632;0,613369263;0,084210526;0,025515789
06/02/2017;2,989473684;0,907275368;0;0
14/02/2017;0,168421053;0,051114105;0,631578947;0,191368421
20/02/2017;1,263157895;0,383355789;1,263157895;0,382736842
01/03/2017;14,52631579;6,682105263;0,968421053;0,441503158
14/03/2017;15,15789474;6,972631579;2,526315789;1,151747368
22/03/2017;20,21052632;9,296842105;10,10526316;4,606989474
27/03/2017;55,57894737;25,56631579;5,052631579;2,303494737
03/04/2017;25,26315789;11,62105263;5,052631579;2,303494737
10/04/2017;40,42105263;18,59368421;5,052631579;2,303494737
18/04/2017;6,315789474;2,905263158;0;0
24/04/2017;8,084210526;3,718736842;0;0
02/05/2017;0;0;0;0
08/05/2017;0;0;0;0
17/05/2017;30,31578947;13,94526316;10,10526316;4,606989474
22/05/2017;45,47368421;20,91789474;0;0
31/05/2017;10,10526316;4,648421053;0;0
12/06/2017;75,78947368;33,57473684;7,578947368;3,357473684
19/06/2017;21,47368421;9,512842105;2,526315789;1,119157895
26/06/2017;70,73684211;31,33642105;2,526315789;1,119157895
03/07/2017;25,26315789;11,19157895;2,526315789;1,119157895
17/07/2017;30,31578947;13,42989474;5,052631579;2,238315789
24/07/2017;189,4736842;83,93684211;25,26315789;11,19157895
31/07/2017;25,26315789;11,19157895;0,168421053;0,074610526
07/08/2017;50,52631579;22,38315789;12,63157895;5,595789474
14/08/2017;40,42105263;17,90652632;5,052631579;2,238315789
21/08/2017;166,7368421;73,86442105;80,84210526;35,81305263
29/08/2017;30,31578947;13,42989474;10,10526316;4,476631579
04/09/2017;229,8947368;147,8223158;90,94736842;58,38821053
18/09/2017;24;15,432;11,36842105;7,298526316
20/09/2017;128,8421053;82,84547368;10,10526316;6,487578947
25/09/2017;136,4210526;87,71873684;15,15789474;9,731368421
03/10/2017;65,68421053;42,23494737;5,052631579;3,243789474
25/10/2017;6,315789474;4,061052632;0;0
30/10/2017;37,89473684;24,36631579;12,63157895;8,109473684
06/11/2017;25,43157895;16,35250526;37,89473684;24,32842105
13/11/2017;10,77894737;6,930863158;0,505263158;0,324378947
21/11/2017;7,242105263;4,656673684;15,32631579;9,839494737
28/11/2017;5,052631579;3,248842105;5,052631579;3,243789474
04/12/2017;7,578947368;2,300134737;0;0
12/12/2017;7,578947368;2,300134737;0;0
